label,tip,frequency_Hz,ptip,pin,pq,vpeak,vturn_3V,vturn_max_3V,iq_peak,cout_rms_A,cout_peak_V,settle_change
D10,cold,470000.0,1.02616176361,7.09332360097,5.56444951707,42.7522142597,40.41561128628378,40.415611286554245,62.45704079762196,0.29743110486960256,19.420209796154715,-2.0405414235757924e-05
D15,cold,470000.0,1.84912271091,9.8271539371,7.21089590293,49.5783152028,45.804233203197846,45.82872722425273,70.5944279052049,0.39926520490652,26.285502930731298,5.573209831721826e-05
D20,cold,470000.0,3.65251913777,14.4902280082,9.69341063917,58.2367676011,52.327120506367976,52.32714108481091,80.06398556750406,0.5611447650541777,37.48644146843888,3.5121441444019297e-07
D25,cold,470000.0,7.51634361989,21.871964639,12.5363280771,65.0831804076,58.27588865600345,58.28182411037042,89.20658874458124,0.8049741657788082,54.478589315291934,4.691037518433916e-06
D40,cold,470000.0,43.7881054841,58.9787618981,9.0615828276,79.0333266677,40.35123349634367,40.35836946489837,68.2905736331988,1.9429284981488195,125.88910498819465,-3.052191714147945e-06
D50,cold,470000.0,65.7775245102,78.2789783178,3.78660130239,85.8331833881,4.930501846964868,4.932979064616865,30.59186076641541,2.3813184680006367,152.03957625809443,2.454743703350637e-05
D55,cold,470000.0,66.4508734261,78.9308686827,3.67614147891,86.1609640946,-0.7412639648588384,-0.7412639648575243,30.59186076641541,2.393475909457004,153.21420250934958,-5.0885666296185406e-06
D10,warm,470000.0,0.755600194843,7.36915609127,6.08200827498,44.8390710228,42.333197378522655,42.340670086756916,64.3713085694307,0.23232159946571404,15.426453913490342,-4.98227023930653e-05
D15,warm,470000.0,1.38278487811,10.2826586453,8.1156298932,52.8705607363,48.59476432105591,48.61403869955038,74.69430127050471,0.31428300851608415,20.83263625841972,-0.0001218134756061362
D20,warm,470000.0,2.81418693878,15.3798489892,11.3702169578,62.380068218,56.71819529941356,56.738127160068906,85.84001428960319,0.44835303519012143,30.106167424703866,-0.0001225384979703925
D25,warm,470000.0,6.30614897643,23.0577227584,14.8823048396,69.6559120932,63.37915703855258,63.384716671994944,92.79770044861449,0.6711594169556664,45.54490094760807,3.7138346237197695e-05
D40,warm,470000.0,48.7929061144,68.3479854371,12.2548661462,83.8234283291,45.416634375752245,45.42434444083582,76.26651975052661,1.8669039788304138,118.8662477145088,-1.0393282085185973e-05
D50,warm,470000.0,77.6619345837,94.7412367115,6.03515422902,93.0944562232,4.806874197349479,4.80989280450426,30.591860766415408,2.3553077208356097,148.63205682682602,-5.196740116897303e-06
D55,warm,470000.0,78.3703513876,95.4530870706,5.93575451639,93.4631716509,-0.760450562411893,-0.7604504499239336,30.591860766415408,2.3660258448329414,149.78180574155138,-2.3235716323344313e-05
D10,hot,470000.0,0.639998267983,8.74419133527,7.08906032236,48.1825604425,45.1645222128782,45.1812662180802,69.13601046787787,0.6446690989083287,48.23364209237483,8.447211017514888e-05
D15,hot,470000.0,1.60094700373,10.1719817023,6.88694565796,57.3416068104,43.13140608482934,43.13663760542255,67.80871100949811,1.0196142203826264,63.689781255252235,6.511781951368256e-05
D20,hot,470000.0,3.68446757311,10.4324932942,3.80772135781,71.7832460657,29.166313709705797,29.16802247850641,67.0263558867543,1.546801821373639,96.12652495585263,-1.837204495402922e-05
D25,hot,470000.0,5.23685503613,10.5583049461,1.46121952813,81.0313232505,12.964851924257413,12.968298201282071,71.32107322731332,1.8440916781183816,119.15793318662547,-2.447019048357202e-05
D40,hot,470000.0,5.78515707445,10.7885631089,0.798950662079,113.482192879,-0.7662797209504137,-0.7662797133922621,42.086926030966175,1.9382286127798456,175.23448467198847,-7.707791538358322e-08
D50,hot,470000.0,5.72713459336,10.6046611523,0.715639686052,119.674886474,-0.7854883331121199,-0.7854883287005993,30.591860766415362,1.92848479867327,186.37085092883783,4.7931983225613095e-05
D55,hot,470000.0,5.70877676333,10.506579446,0.649857509125,122.025775677,-0.7834903002126977,-0.7834754675662406,30.591860766415362,1.9253915845967962,190.4206307520865,3.891047374726675e-05
